0day_3301,
0xBufu,
0xCardinal,
0xChance,
0xdiass,
0xfaraday,https://www.twitch.tv/0xfaraday
0xRy4nG,https://www.youtube.com/channel/UCQWQlNq07_Rumy2i69dpqBw
0xScorpio,https://www.youtube.com/@sttpsecurity
0xtrust,
2ocstream,
4rtii_,
55keez,
acloudsecninja,
AgeOfEntropy,https://www.youtube.com/channel/UCitiWg5p-R6QNLPuJPSE33g
aHaquer,
AlexChaveriat,https://www.youtube.com/c/AlexChaveriat/videos
Alomancy,https://www.youtube.com/channel/UCe2i94acge3Bv2Tmjla0h_g
AlzetteInfoSec,https://www.youtube.com/channel/UCE4yBI-7oG5BB4eEYkVzB-Q
AntiCM05,
Anyascii,
apis_carnica,
arl_rose,https://www.youtube.com/channel/UC5aHOcWrvrdZWogEsVSFJwQ
Ash_F0x,
asuhackingclub,
aTechPenguin,
Avesh029,
AyWang,
badatcomputers,
BanjoCrashland,
BarSides,
BCSecurity,
beauknowstech,
bee_sec,
BHEH1337,
BinarySouljour,
BlackHatNOC,
BlackSheepSpicy,https://www.youtube.com/channel/UC2JbRIzd7qmUgvS7oZ7BUpA
blacksincybersecurity,https://www.youtube.com/channel/UCEBEQ0oRA2LPnc2wm2TO5IA
blindpentester,
breakingintocybersecurity,
BrownDisappointment,
c04tl,
c3rb3ru5d3d53c,https://www.youtube.com/channel/UCk9BugRahSWgPLYOAA3QH4w
ch3fez,
ChadB_n00b,
CKcybersecurity,
CMNatic,
codingo_,https://www.youtube.com/channel/UCUfO02gdMDXgOJWdv_jiLMg
CosmodiumCS,https://www.youtube.com/CosmodiumCS
creminer,
cronching,
CSFinlay,
ctfandcigars,
ctrlbyte,
curi0usjack,
Cyb3rSens,
CybeardSec,
CybeeSec,
Cyber_Insecurity,https://www.youtube.com/channel/UCL4JGzitDkX5TOwzs9A02Kg
cyber_v1s3rion,
CyberChex,https://www.youtube.com/@CyberChex
CyberReport,
CybersecurityGrowth,https://www.youtube.com/@cybersecuritygrowth
CyberVikingUK,
CyberWarriorStudios,https://www.youtube.com/channel/UC1BeplJcC5YGHjcF8QyRD7g
d0nutptr,https://www.youtube.com/d0nutptr
dal3ksec,
DarkStar7471,https://www.youtube.com/channel/UC0R_-7yQPoGpkPR9ITzDFFQ
dayzerosec,https://www.youtube.com/channel/UCXFC76FDHZRVes6_lZqwLBA
dbarkcasa,https://www.youtube.com/channel/UCXAh9RRb94UvulwUFB0bBBA
Defcon201Live,https://www.youtube.com/c/defcon201
demon_0x2a,
DevNullZen,
dfaultssec,https://www.youtube.com/@dfaults973
dicecreation,
digitenchou,
dimineko,
DISREL,
dj_chateau,
djax_1,https://www.youtube.com/@AlphaCybersecurity
DOWRIGHT,https://www.youtube.com/dowrighttv
dragonar0123,https://www.youtube.com/channel/UCeejhMe148sDFfMK4sXDFDA
DrSn1p3r_Sec,https://youtube.com/@drsn1p3r_sec
Dysnome,https://www.youtube.com/channel/UC5sq_Q2Fd8z38mfL4pcOTAg
dze64,
EchoZach,
EightBitOni,
elpentester,
Eth0ghost,
f3rn0s_sec,
fearless0523,
FinnWithGun,
Firzen14,
Fluxxset,
footpics4sale,
FroMastr,
g0lden1_,
g1ng3rr00t,
gamozo,https://www.youtube.com/channel/UC17ewSS9f2EnkCyMztCdoKA
gerald_auger_simplycyber,https://www.youtube.com/@SimplyCyber
gereshk_pnw,
Gh0x00st,https://www.youtube.com/@Gh0x00st
Goldwave__,
GoProSlowYo,https://www.youtube.com/channel/UCEvTMFvV92XCBhMwQbHWzeg?sub_confirmation=1
GrumpyHackers,
Gruntplay,
Gyre_Security,https://www.youtube.com/channel/UCaKU8oiDXzYIUmBXHNv3DEg
h313n_0f_t0r,
h4ck0rman,
h4ck_m3_senpa1,
h8handles,
Hack3rWitch,https://www.youtube.com/@hack3rwitch917
Hackavis,https://www.youtube.com/@Hackavis
hackbacc,
HackerMentor,https://www.youtube.com/channel/UCl8jDIq12kkP9YBj1TJY-6Q
HackerOneTV,
HackersCorner,
HackingConH,https://www.youtube.com/channel/UCIrWE4nzdRJZuMGmeVI6vng
HackingEsports,
HackingEsports_eng,
HackingIsland,https://www.youtube.com/channel/UCaqcHDqE0DuqoaoVwJQa7vQ
hackorgame,https://www.youtube.com/channel/UCj1GJShGx78PjZlHoRrMiwA
Hackshobgoblin,https://www.youtube.com/@hackshobgoblin
HackTheBox,
HackTok,
HackTricks_LIVE,https://www.youtube.com/@hacktricks_LIVE
hadzah_fr,https://www.youtube.com/@hadzah_fr
hattonsec,
hijack_securitytv,
ImAhian,
InfamousJoeG,https://www.youtube.com/channel/UCDtQCYeZdOYtNzyh9VNAlNQ
InfayerTS,
infinitelogins,https://www.youtube.com/channel/UC_nKukFaGysjMzqMVHEIgxQ
InfosecGuy,
InfosecHouse,
InsiderPhD,https://www.youtube.com/c/InsiderPhD
ippsec,https://youtube.com/c/ippsec
ItsMeDelano,
jarnobaselier,https://www.youtube.com/@JarnoBaselier
JawnCon,
Jazzahn,
jbeers11,
jeff0falltrades,https://www.youtube.com/@jeff0falltrades
JellyPhishes,https://www.youtube.com/@JellyPhishesttv
jhaddix56,https://www.youtube.com/@jhaddix
joshua17sc,
justinsteven,
k4l1_nathalie,
kaythecyberguy,
kegnsec,
keylogin,https://www.youtube.com/@keylogin
Kiwi_FruitBird,
kokenhacks,
KrisNova,
laffin_sec,https://www.youtube.com/@bradyjmcl
LaurieWired,https://www.youtube.com/@lauriewired
lea_cyber,
Leetcore,
LeonVQZ,
Libereau,
LinuxYSeguridad,
LiveOverflow,https://www.youtube.com/c/LiveOverflow
LoneJohnny,
LorenMJ,
lucaelin,
LuNiZz,https://www.youtube.com/c/CanDeger
magnologanxp,
maikroservice,
majksec,
MalwareTechBlog,https://www.youtube.com/@MalwareTechBlog
mbcrump,https://www.youtube.com/channel/UCCjHMUEzoCauYet8NG4sCog
MDISEC,https://www.youtube.com/channel/UClis21-nGFunHa9agc7Md_Q
mell0wx,
miloslavpalik,
morehouse_hacks,
MrCrumbs_,
mttaggart,https://www.youtube.com/c/taggarttech
MVLWVR3,
NahamSec,https://www.youtube.com/c/Nahamsec
neehack,
nemax_3301,
NeWbieSec,
Nirloy,
NullObjectDev,
OALabsLive,https://www.youtube.com/c/OALabs
OfficialWilliP,https://www.youtube.com/channel/UCaOOGHgwrcyf527o838yLyg
OJReeves,
okacodes,
optionalctf,https://www.youtube.com/channel/UCK1rytKRQPJh-78RS4jt9eA
or0to,https://www.youtube.com/@3ly313
Outrag3ousLad,
p0tpan,
paperboygold,
parzival604,
Pentester_Network,https://www.youtube.com/@pentester.network
poocha_police,
powerbliz,
PRIMALmk,
producerwolf,
pseudosarah,
pwncollege,https://www.youtube.com/c/pwncollege
PwnSchool,https://www.youtube.com/c/ThePwnSchoolProject
RastaM0us3,
RedFox0x20,
RedSiegeInfoSec,https://www.youtube.com/channel/UC4rR_-qnJXny4LsCfxW418g
RedTeamMedic,
rinconzeraa,
RoccoSicilia,
RoguePayload,
rs0n_live,
Ryskill,
s1ren_official,http://www.youtube.com/@sirensecurity
s1zzurpmane,
S4vitaar,https://www.youtube.com/channel/UCNHWpNqiM8yOQcHXtsluD7Q
SaintOfVice,
saucysec,
SawyerOne,
scrubterfuge,
SecITguy,https://www.youtube.com/channel/UCbgRa0isrDQOG70CL_Hsvzg
seclilc,
securiters,
securityfwd,https://www.youtube.com/channel/UCgTNupxATBfWmfehv21ym-g
SecurityWeekly,https://www.youtube.com/channel/UCg--XBjJ50a9tUhTKXVPiqg
Sharghaas,
shellandtell,https://www.youtube.com/@RichardCallaby
ShellDredd,
shenetworks,https://www.youtube.com/c/shenetworks
SherlockSec,
SkelSec,
Skyfire100,https://www.youtube.com/channel/UCEko--V_KFSGMdxJOfgTVzQ
SlickPupStream,
smash8tap,
SniferL4bs,https://www.youtube.com/SniferL4bs
softexploit,
spacepenguins101,
SpiceySec,
stokfredrik,
streambytes_,
Sukaiberu,
sup3rhero1,https://www.youtube.com/superhero1
Super_uzer,
systemdeez,https://www.youtube.com/@systemdeez
Tanades_,
TechnologyInterpreters,
techryptic,
TeddingtonUK,
Th3lazykid,
TheAKElement,
TheBlindHacker,
theblvkhakr,https://www.youtube.com/@blvkhakr
theedmiroshow,https://www.youtube.com/@theedmiroshow
TheGoodHackerTV,https://www.youtube.com/channel/UCeeOzvMFfd2qcUFIGN_Nzyw
Thegwar,
TheHackerMaker,
TheLabda,
TheMayor11,https://www.youtube.com/channel/UC5J6JvH5F29FllbLjwmA5ZA
TheRealLrk,
tinyxtina_,
TJCHacking,https://www.youtube.com/@tjchacking
TotesMehGoat,
Tr_H,
TrailofBits,https://www.youtube.com/@trailofbits
TrshPuppy,https://www.youtube.com/@trshpuppy
TryHackMe,
TsarSec,
tyler_ramsbey,
UndecidedFlavor,
UnPentester,
vale624,
VandalTheGrey,
vxunderground_live,
Westar,
WhatTheShellPod,
Whimmery,https://www.youtube.com/c/Whimmery
xHackThePlanetx,
xN0Px90,https://www.youtube.com/channel/UClBupMnkD1oZ49_xBbiUKBg
xThalach,
xThe_Developer,
xychelsea87,
YERTX_CO,
zerobandwidth,
zunderrub,