0reoByte,
0xBufu,
0xCardinal,
0xChance,
0xdiass,
0xj3lly,
0xRy4nG,https://www.youtube.com/channel/UCQWQlNq07_Rumy2i69dpqBw
0xTib3rius,https://www.youtube.com/Tib3rius
2ocstream,
4rtii_,
55keez,
ageofentropy,https://www.youtube.com/channel/UCitiWg5p-R6QNLPuJPSE33g
aHaquer,
AlexChaveriat,https://www.youtube.com/c/AlexChaveriat/videos
Alh4zr3d,https://www.youtube.com/channel/UCz-Z-d2VPQXHGkch0-_KovA
Alomancy,https://www.youtube.com/channel/UCe2i94acge3Bv2Tmjla0h_g
AlzetteInfoSec,https://www.youtube.com/channel/UCE4yBI-7oG5BB4eEYkVzB-Q
antisyphon,https://www.youtube.com/channel/UCkFKiCm7dD0gsB4jqIdCuRQ
Anyascii,
appsectribe,
arl_rose,https://www.youtube.com/channel/UC5aHOcWrvrdZWogEsVSFJwQ
Ash_F0x,
asuhackingclub,
AyWang,
B7H30,
badatcomputers,
BanjoCrashland,
BarSides,
beauknowstech,
bee_sec,
BHEH1337,
binarysouljour,
BlackSheepSpicy,https://www.youtube.com/channel/UC2JbRIzd7qmUgvS7oZ7BUpA
blacksincybersecurity,https://www.youtube.com/channel/UCEBEQ0oRA2LPnc2wm2TO5IA
blades_1000,
blindpentester,
brakesec,https://www.youtube.com/c/BDSPodcast
breakingintocybersecurity,
brutalmax1,
c04tl,
c3rb3ru5d3d53c,https://www.youtube.com/channel/UCk9BugRahSWgPLYOAA3QH4w
ch3fez,
ChadB_n00b,
CKcybersecurity,
CMNatic,
codingo_,https://www.youtube.com/channel/UCUfO02gdMDXgOJWdv_jiLMg
CosmodiumCS,https://www.youtube.com/CosmodiumCS
creminer,
cronching,
CSFinlay,
ctfandcigars,
ctrlbyte,
curi0usjack,
cyb3rsens,
CybeardSec,
CybeeSec,
CyberReport,
CyberTechVibes,
CyberVikingUK,
cyberVNO,
CyberWarriorStudios,https://www.youtube.com/channel/UC1BeplJcC5YGHjcF8QyRD7g
Cyber_Insecurity,https://www.youtube.com/channel/UCL4JGzitDkX5TOwzs9A02Kg
cyber_v1s3rion,
d0nutptr,https://www.youtube.com/d0nutptr
dal3ksec,
DarkStar7471,https://www.youtube.com/channel/UC0R_-7yQPoGpkPR9ITzDFFQ
DasRealBert,
dayzerosec,https://www.youtube.com/channel/UCXFC76FDHZRVes6_lZqwLBA
DCCyberSec,https://www.youtube.com/channel/UC3sccPO4v8YqCTn8sezZGTw
Defcon201Live,https://www.youtube.com/c/defcon201
DevNullZen,
dicecreation,
digitenchou,
dimineko,
Djax120,https://www.youtube.com/channel/UCJVQ4X0olUFq0nrxS8Xvijg
DOWRIGHT,https://www.youtube.com/dowrighttv
dragonar0123,https://www.youtube.com/channel/UCeejhMe148sDFfMK4sXDFDA
dysnome,https://www.youtube.com/channel/UC5sq_Q2Fd8z38mfL4pcOTAg
dze64,
EchoZach,
EightBitOni,
elprogramadorgt,https://www.youtube.com/channel/UCgirU6f4kiT5Yxba4QyI58Q
endingwithali,
esdn_tv,
Eth0ghost,
f3rn0s_sec,
fearless0523,
firzen14,
Flangvik,
footpics4sale,
FroMastr,
g1ng3rr00t,
gamozo,https://www.youtube.com/channel/UC17ewSS9f2EnkCyMztCdoKA
garr_7,
gereshk_pnw,
Goldwave__,
GoProSlowYo,https://www.youtube.com/channel/UCEvTMFvV92XCBhMwQbHWzeg?sub_confirmation=1
GrumpyHackers,
Gyre_Security,https://www.youtube.com/channel/UCaKU8oiDXzYIUmBXHNv3DEg
h313n_0f_t0r,
h4ck0rman,
h8handles,
hack3rwitch,https://www.youtube.com/@hack3rwitch917
hackbacc,
hackermentor,https://www.youtube.com/channel/UCl8jDIq12kkP9YBj1TJY-6Q
hackeronetv,
hackingconh,https://www.youtube.com/channel/UCIrWE4nzdRJZuMGmeVI6vng
HackingEsports,
HackingEsports_eng,
HackingIsland,https://www.youtube.com/channel/UCaqcHDqE0DuqoaoVwJQa7vQ
hackorgame,https://www.youtube.com/channel/UCj1GJShGx78PjZlHoRrMiwA
HackTheBox,
hacktok,
HackTricks_LIVE,https://www.youtube.com/@hacktricks_LIVE
hack_smarter,
hattonsec,
het_tanis,
ImAhian,
infamousjoeg,https://www.youtube.com/channel/UCDtQCYeZdOYtNzyh9VNAlNQ
InfayerTS,
infinitelogins,https://www.youtube.com/channel/UC_nKukFaGysjMzqMVHEIgxQ
infosecguy,
InfosecHouse,
InsiderPhD,
ippsec,https://youtube.com/c/ippsec
ItsMeDelano,
jabreity,
Jazzahn,
jbeers11,
JohnHammond010,https://www.youtube.com/channel/UCVeW9qkBjo3zosnqUbG7CFw
joshua17sc,
jrozner,
justinsteven,
kaythecyberguy,
kegnsec,
keylogin,https://www.youtube.com/@keylogin
khaos_farbauti,https://www.youtube.com/c/KhaosFarbautiIbnOblivion
kiwi_fruitbird,
kokenhacks,
KrisNova,
kristiee,
lea_cyber,
Libereau,
LinuxYSeguridad,
LiveOverflow,https://www.youtube.com/c/LiveOverflow
lonejohnny,
LorenMJ,
lowlevellearning,https://www.youtube.com/@LowLevelLearning
ltn_bob,
lucaelin,
LuNiZz,https://www.youtube.com/c/CanDeger
magnologanxp,
maikroservice,
majksec,
marcushutchins2,https://www.youtube.com/@MalwareTechBlog
mbcrump,https://www.youtube.com/channel/UCCjHMUEzoCauYet8NG4sCog
mchow01,
MDISEC,https://www.youtube.com/channel/UClis21-nGFunHa9agc7Md_Q
mell0wx,
morehouse_hacks,
MrCrumbs_,
msec,https://www.youtube.com/channel/UCu9ybrID4Ak5pDU-6E5ph5Q
mttaggart,https://www.youtube.com/c/taggarttech
MVLWVR3,
NahamSec,https://www.youtube.com/c/Nahamsec
neehack,
Nirloy,
OALabsLive,https://www.youtube.com/c/OALabs
OfficialWilliP,https://www.youtube.com/channel/UCaOOGHgwrcyf527o838yLyg
OffSecOfficial,
ofjaaaah,
OJReeves,
optionalctf,https://www.youtube.com/channel/UCK1rytKRQPJh-78RS4jt9eA
Outrag3ousLad,
overgrowncarrot1,https://youtube.com/channel/UCykh1fzT0LK-9wVhn8ocLaA
paperboygold,
poocha_police,
PRIMALmk,
producerwolf,
pseudosarah,
pwncollege,https://www.youtube.com/c/pwncollege
pwninx,
PwnSchool,https://www.youtube.com/c/ThePwnSchoolProject
RastaM0us3,
RedFox0x20,
redsiegeinfosec,https://www.youtube.com/channel/UC4rR_-qnJXny4LsCfxW418g
RedTeamMedic,
ritsec,
roccosicilia,
rs0n_live,
rxhackk,
Ryskill,
s1zzurpmane,
S4vitaar,https://www.youtube.com/channel/UCNHWpNqiM8yOQcHXtsluD7Q
saucysec,
SawyerOne,
scrubterfuge,
SecITguy,https://www.youtube.com/channel/UCbgRa0isrDQOG70CL_Hsvzg
seclilc,
securiters,
SecurityCert,https://www.youtube.com/@securitycert
securityfwd,https://www.youtube.com/channel/UCgTNupxATBfWmfehv21ym-g
SecurityWeekly,https://www.youtube.com/channel/UCg--XBjJ50a9tUhTKXVPiqg
Security_Live,https://www.youtube.com/channel/UCMDy1HAPNcpl8zVTK1NfMqw
Sharghaas,
shelldredd,
shenetworks,https://www.youtube.com/c/shenetworks
SherlockSec,
Skyfire100,https://www.youtube.com/channel/UCEko--V_KFSGMdxJOfgTVzQ
SlickPupStream,
smash8tap,
SniferL4bs,https://www.youtube.com/SniferL4bs
softexploit,
soyelmago,http://youtube.com/c/alanlevy-elmago
spacepenguins101,
SpiceySec,
stokfredrik,
streambytes_,
sukaiberu,
sup3rhero1,https://www.youtube.com/superhero1
TechnologyInterpreters,
techryptic,
Th3lazykid,
theblvkhakr,https://www.youtube.com/@blvkhakr
thecybermentor,https://www.youtube.com/channel/UC0ArlFuFYMpEewyRBzdLHiw
TheLaluka,
TheGoodHackerTV,https://www.youtube.com/channel/UCeeOzvMFfd2qcUFIGN_Nzyw
Thegwar,
TheHackerMaker,
TheLabda,
TheMayor11,https://www.youtube.com/channel/UC5J6JvH5F29FllbLjwmA5ZA
thereallrk,
tinyxtina_,
tjchacking,https://www.youtube.com/@tjchacking
topklean,
trailofbits,https://www.youtube.com/@trailofbits
TrshPuppy,https://www.youtube.com/@trshpuppy
TryHackMe,
Tr_H,
TsarSec,
tyler_ramsbey,
UnPentester,
vale624,
VandalTheGrey,
Westar,
xerosec,
xn0px90,https://www.youtube.com/channel/UClBupMnkD1oZ49_xBbiUKBg
xThalach,
xThe_Developer,
xychelsea87,
YERTX_CO,
zerobandwidth,
